{
  "results": [
    {
      "command": "./shell/check_cert.sh certs/cert.pem",
      "mean": 0.029263770459999998,
      "stddev": 0.06964048162029891,
      "median": 0.01358714846,
      "user": 0.01118469,
      "system": 0.0029606040000000004,
      "min": 0.013077455960000001,
      "max": 0.32511760296000003,
      "times": [
        0.013090269960000001,
        0.013681218960000002,
        0.01420786096,
        0.01434976596,
        0.013420840960000001,
        0.013179125960000001,
        0.01355160696,
        0.013360575960000001,
        0.01332281796,
        0.01331017196,
        0.013077455960000001,
        0.013718328960000001,
        0.013319240960000001,
        0.013771228960000001,
        0.013648548960000001,
        0.013645812960000002,
        0.01346122796,
        0.32511760296000003,
        0.01641901596,
        0.01362268996
      ],
      "exit_codes": [
        0,
        0,
        0,
        0,
        0,
        0,
        0,
        0,
        0,
        0,
        0,
        0,
        0,
        0,
        0,
        0,
        0,
        0,
        0,
        0
      ]
    },
    {
      "command": "./rust/target/release/check_cert_rust certs/cert.pem",
      "mean": 0.00388718531,
      "stddev": 0.004339827569332963,
      "median": 0.0027829154600000003,
      "user": 0.00197749,
      "system": 0.0008574739999999999,
      "min": 0.00248718896,
      "max": 0.02223759296,
      "times": [
        0.00280913496,
        0.00248718896,
        0.00265838196,
        0.00263270296,
        0.00274165696,
        0.00268035296,
        0.00260056296,
        0.00283166596,
        0.00266122696,
        0.00260012196,
        0.00294860596,
        0.00270428796,
        0.00282608596,
        0.00277459996,
        0.00279123096,
        0.02223759296,
        0.00403698196,
        0.0036885269599999998,
        0.0036281829600000003,
        0.0034046139600000004
      ],
      "exit_codes": [
        0,
        0,
        0,
        0,
        0,
        0,
        0,
        0,
        0,
        0,
        0,
        0,
        0,
        0,
        0,
        0,
        0,
        0,
        0,
        0
      ]
    }
  ]
}
